player_name,IP,hr,k,bb,K%,BB%,hbp,xSLG,wOBA,xwOBA
"Brown, McCade",25.2,6,23,17,18.3,13.5,5,0.487,0.405,0.384
"Leiter, Jack",151.2,18,148,67,22.9,10.4,5,0.427,0.298,0.326
"Kelly, Kevin",39.2,11,35,9,20.5,5.3,0,0.573,0.364,0.381
"Hendriks, Liam",13.2,2,12,7,20.3,11.9,1,0.521,0.313,0.375
"Garcia, Luis",7.2,2,7,0,25.9,0,1,0.365,0.21,0.229
"Cease, Dylan",168,21,215,71,29.8,9.8,5,0.359,0.313,0.29
"Peralta, Wandy",71.2,5,63,30,20.1,9.6,2,0.386,0.293,0.311
"Suárez, Albert",11.2,0,10,2,22.7,4.5,1,0.316,0.251,0.256
"Dreyer, Jack",76.1,4,74,24,24.1,7.8,0,0.33,0.247,0.257
"Irvin, Jake",180,38,124,62,15.8,7.9,6,0.505,0.355,0.36
"Chapman, Aroldis",61.1,3,85,15,37.3,6.6,0,0.278,0.177,0.227
"Gipson-Long, Sawyer",31.1,8,26,6,19.5,4.5,2,0.557,0.362,0.377
"Ferguson, Caleb",65.1,2,51,22,18.9,8.1,6,0.329,0.271,0.29
"Kolek, Stephen",112.2,9,77,31,16.7,6.7,7,0.406,0.28,0.321
"Mena, Cristian",6.2,1,8,3,30.8,11.5,0,0.296,0.226,0.274
"Thompson, Mason",10.2,1,11,12,18.3,20,0,0.448,0.427,0.37
"Gerber, Joey",4.1,1,4,0,26.7,0,0,0.215,0.253,0.173
"Faucher, Calvin",60.1,8,59,24,23.1,9.4,3,0.387,0.302,0.323
"Povich, Cade",112.1,17,118,43,24.2,8.8,1,0.495,0.349,0.356
"Martin, Davis",142.2,20,104,48,17.3,8,6,0.465,0.322,0.347
"Barnett, Mason",22.1,3,18,11,17.3,10.6,1,0.378,0.355,0.307
"Fulmer, Carson",29.1,5,26,11,21.1,8.9,0,0.427,0.308,0.309
"Ragsdale, Carson",5,1,4,1,16,4,0,0.483,0.486,0.335
"Fisher, Braydon",50,4,62,19,30.7,9.4,3,0.351,0.248,0.285
"Núñez, Eduarniel",12.2,2,11,11,18.3,18.3,3,0.375,0.423,0.364
"Lively, Ben",44.2,6,29,15,16.3,8.4,0,0.46,0.302,0.332
"Megill, Tylor",68.1,6,89,33,29.2,10.8,7,0.347,0.303,0.306
"Suero, Wander",6.1,3,7,4,21.9,12.5,0,0.43,0.482,0.312
"Early, Connelly",19.1,0,29,4,36.7,5.1,1,0.284,0.239,0.24
"Hartlieb, Geoff",3.1,2,5,6,20.8,25,0,0.825,0.594,0.556
"Contreras, Luis",12,2,13,8,24.1,14.8,0,0.333,0.345,0.292
"Mlodzinski, Carmen",99,8,89,27,21.2,6.4,4,0.395,0.312,0.313
"Rainey, Tanner",9.2,0,11,9,23.4,19.1,1,0.333,0.321,0.361
"Eovaldi, Nathan",130,10,129,21,26,4.2,7,0.358,0.24,0.271
"VanWey, Logan",10.2,2,7,3,14.3,6.1,1,0.395,0.382,0.326
"Ribalta, Orlando",24.1,6,25,17,20.8,14.2,1,0.459,0.383,0.356
"Messick, Parker",39.2,4,38,6,23,3.6,0,0.368,0.315,0.274
"Winans, Allan",9.1,2,6,3,13,6.5,2,0.508,0.407,0.379
"Headrick, Brent",23,4,30,7,32.6,7.6,1,0.362,0.289,0.276
"Sousa, Bennett",50.2,4,59,15,29.6,7.5,0,0.335,0.261,0.266
"Chandler, Bubba",31.1,2,31,4,25,3.2,3,0.415,0.26,0.298
"Uribe, Abner",75.1,4,90,27,30.2,9.1,6,0.28,0.247,0.26
"Tidwell, Blade",15,4,10,10,12.8,12.8,1,0.457,0.427,0.361
"Holmes, Clay",165.2,14,129,66,18.2,9.3,13,0.394,0.302,0.322
"Soroka, Michael",89.2,12,95,29,25.1,7.7,15,0.351,0.302,0.293
"Wentz, Joey",98,11,92,43,20.8,9.7,1,0.421,0.334,0.329
"Funderburk, Kody",41,2,40,18,21.9,9.8,3,0.34,0.321,0.298
"Tolle, Payton",16.1,5,19,8,25.7,10.8,0,0.426,0.377,0.333
"Stock, Robert",2.2,1,1,4,6.7,26.7,0,0.748,0.497,0.536
"Cavalli, Cade",48.2,7,40,15,18.3,6.8,4,0.393,0.347,0.315
"Maeda, Kenta",8,1,8,6,18.6,14,3,0.39,0.393,0.366
"Zerpa, Angel",64.2,7,58,22,21.1,8,2,0.399,0.33,0.311
"González, Wikelman",20.1,1,25,12,28.7,13.8,0,0.357,0.26,0.323
"Roupp, Landen",106.2,11,102,45,21.4,9.5,3,0.408,0.325,0.319
"Sanmartin, Reiver",1.2,0,2,1,25,12.5,0,0.378,0.305,0.251
"Pérez, Eury",95.1,12,105,32,27.3,8.3,3,0.366,0.275,0.281
"Reynolds, Sean",27,4,25,17,21.4,14.5,3,0.491,0.322,0.379
"Morgan, Eli",7.1,3,4,3,11.4,8.6,0,0.538,0.508,0.354
"García, Luis",55.1,2,48,26,20.6,11.2,0,0.419,0.32,0.326
"Horn, Bailey",11.1,1,10,7,20,14,0,0.416,0.321,0.366
"Topa, Justin",60,2,49,18,18.3,6.7,4,0.4,0.311,0.325
"Coulombe, Danny",43,3,43,18,24.4,10.2,0,0.381,0.261,0.309
"Evans, Logan",81.1,13,59,31,16.9,8.9,4,0.465,0.339,0.35
"Freeland, Kyle",162.2,22,124,38,17.5,5.4,6,0.473,0.341,0.342
"Singer, Brady",169.2,19,163,60,22.8,8.4,14,0.409,0.313,0.32
"Festa, David",53.1,10,53,19,23.1,8.3,4,0.465,0.322,0.338
"Sproat, Brandon",20.2,0,17,7,20.2,8.3,2,0.364,0.298,0.315
"Bender, Anthony",50,3,42,21,20.6,10.3,2,0.365,0.245,0.294
"Milner, Hoby",70.1,5,58,21,19.8,7.2,2,0.405,0.298,0.303
"Hendricks, Kyle",164.2,25,114,43,16.4,6.2,5,0.408,0.324,0.308
"Bride, Jonah",6,1,2,3,5.4,8.1,2,0.539,0.48,0.413
"Rodriguez, Carlos",9.2,1,11,9,22,18,0,0.32,0.414,0.309
"Hoglund, Gunnar",32.1,10,23,11,16.5,7.9,0,0.623,0.395,0.408
"Brubaker, JT",28.2,0,22,12,18.8,10.3,1,0.39,0.271,0.319
"Bachman, Sam",20.1,1,18,10,19.1,10.6,1,0.352,0.319,0.318
"McDonald, Trevor",15,1,14,2,23.3,3.3,0,0.369,0.244,0.28
"Hatch, Thomas",34,7,22,17,14.5,11.2,0,0.449,0.376,0.337
"Woo, Bryan",186.2,26,198,36,27.1,4.9,4,0.373,0.259,0.274
"Urquidy, José",2.1,0,3,3,21.4,21.4,0,0.489,0.4,0.429
"Fernandez, Ryan",30.1,6,34,16,24.3,11.4,1,0.404,0.382,0.313
"Muñoz, Roddery",11,4,14,9,27.5,17.6,0,0.557,0.39,0.418
"Alvarado, Elvis",42.1,6,50,22,27.3,12,2,0.362,0.305,0.304
"Gómez, Yoendrys",62.2,12,58,27,20.9,9.7,4,0.467,0.335,0.347
"Alvarado, José",26,4,32,7,28.1,6.1,1,0.404,0.31,0.297
"Bolton, Cody",2,0,1,0,10,0,0,0.532,0.39,0.382
"Blalock, Bradley",58.2,17,27,23,9.8,8.4,3,0.591,0.423,0.409
"Duran, Jhoan",70,3,80,19,27.9,6.6,3,0.296,0.248,0.248
"Alexander, Tyler",97.2,9,82,30,19.4,7.1,2,0.438,0.318,0.332
"Pressly, Ryan",41.1,6,28,17,15.4,9.3,2,0.439,0.356,0.35
"Díaz, Edwin",66.1,4,98,21,38,8.1,8,0.264,0.234,0.247
"Webb, Jacob",66,10,58,19,21.7,7.1,2,0.365,0.27,0.281
"Misiorowski, Jacob",66,8,87,30,32,11,3,0.344,0.298,0.288
"Bird, Jake",55.1,7,66,25,26.6,10.1,3,0.373,0.34,0.305
"Hicks, Jordan",67.1,6,58,32,18.5,10.2,8,0.381,0.364,0.33
"Hoffmann, Andrew",12,2,12,10,19.7,16.4,0,0.479,0.384,0.374
"Martinez, Nick",165.2,22,116,42,17,6.1,6,0.41,0.317,0.312
"Rea, Colin",159.1,20,127,44,19.2,6.6,6,0.438,0.314,0.328
"Lawrence, Casey",17.2,2,7,1,8.8,1.3,1,0.599,0.361,0.421
"Wiles, Nathan",1,0,1,0,14.3,0,0,0.637,0.557,0.424
"Gaddis, Hunter",66.2,8,73,21,26.6,7.7,1,0.384,0.293,0.298
"Boyle, Joe",52,6,58,28,25.7,12.4,3,0.378,0.312,0.312
"Dollander, Chase",98,18,82,49,18.6,11.1,6,0.448,0.354,0.347
"Holman, Grant",23,3,17,9,16.5,8.7,1,0.48,0.335,0.352
"Garabito, Gerson",8,1,8,1,19.5,2.4,2,0.484,0.421,0.371
"Woodruff, Brandon",64.2,9,83,14,32.3,5.4,3,0.299,0.252,0.233
"Alcantara, Sandy",174.2,22,142,57,19.1,7.7,9,0.436,0.311,0.332
"Halvorsen, Seth",39.2,7,36,20,20.9,11.6,0,0.417,0.364,0.323
"France, J.P.",4,0,5,2,31.3,12.5,0,0.395,0.22,0.316
"Bibee, Tanner",182.1,27,162,54,21.3,7.1,10,0.385,0.313,0.297
"Morán, Jovani",4,0,5,3,25,15,0,0.343,0.359,0.309
"Yoho, Craig",8.2,1,7,9,17.1,22,1,0.288,0.388,0.325
"Van Belle, Brian",8.1,2,6,0,16.7,0,0,0.416,0.393,0.292
"Burke, Sean",134.1,23,133,63,22.3,10.6,6,0.457,0.34,0.342
"Adam, Jason",65.1,4,70,25,25.9,9.3,3,0.309,0.256,0.26
"Enright, Nic",31,3,30,12,23.6,9.4,2,0.365,0.279,0.303
"Kriske, Brooks",18,1,18,15,20.5,17,0,0.353,0.366,0.33
"Morillo, Juan",34.1,2,36,20,23.7,13.2,1,0.326,0.363,0.301
"Díaz, Alexis",17.2,6,17,12,20,14.1,5,0.493,0.399,0.384
"Fermin, José",34.1,8,39,23,25.7,15.1,1,0.399,0.318,0.314
"Hanifee, Brenan",60,3,40,14,15.4,5.4,2,0.418,0.299,0.315
"Hill, Jaden",29.1,2,31,12,24,9.3,3,0.332,0.309,0.285
"Stratton, Hunter",19,3,16,7,18,7.9,3,0.49,0.354,0.377
"Cosgrove, Tom",4,0,3,1,18.8,6.3,0,0.188,0.209,0.19
"Allen, Logan",156.2,18,122,62,18,9.2,6,0.421,0.323,0.326
"Altavilla, Dan",29,4,21,15,17.5,12.5,4,0.381,0.307,0.333
"Gordon, Colton",86,21,72,19,19,5,2,0.471,0.367,0.332
"Ramírez, Yohan",33.1,4,45,16,29,10.3,4,0.409,0.324,0.328
"Gilbert, Tyler",51,5,49,24,22.8,11.2,2,0.404,0.291,0.312
"Ashcraft, Braxton",69.2,3,71,24,24.3,8.2,2,0.35,0.286,0.288
"Rasmussen, Drew",150,18,127,37,21.7,6.3,5,0.375,0.269,0.291
"Brash, Matt",47.1,4,58,18,29.1,9,2,0.336,0.288,0.282
"Jansen, Kenley",59,8,57,19,24.4,8.1,1,0.425,0.246,0.301
"Lopez, Jacob",92.2,15,113,37,28.3,9.3,8,0.369,0.317,0.297
"Chafin, Andrew",33.2,2,36,19,25.2,13.3,0,0.319,0.292,0.29
"Mattson, Isaac",47.2,4,45,19,22.7,9.6,2,0.361,0.264,0.283
"Whisenhunt, Carson",23.1,6,16,12,15.7,11.8,2,0.524,0.372,0.386
"Montgomery, Mason",46,6,63,27,30.1,12.9,1,0.401,0.354,0.33
"Weaver, Luke",64.2,10,72,20,27.5,7.6,1,0.359,0.269,0.268
"Kelly, Michael",39.2,5,29,19,17.5,11.4,1,0.445,0.301,0.338
"Montes De Oca, Christian",2.2,0,2,1,22.2,11.1,0,0.061,0.077,0.123
"Domínguez, Seranthony",62.2,5,79,36,30.3,13.8,2,0.297,0.28,0.282
"Zastryzny, Rob",22,3,20,10,21.5,10.8,1,0.357,0.268,0.283
"Lange, Alex",1,0,1,1,16.7,16.7,0,0.286,0.409,0.306
"Paddack, Chris",158,31,112,37,16.7,5.5,3,0.488,0.336,0.344
"Bellozo, Valente",81.1,15,54,23,15.5,6.6,4,0.51,0.339,0.35
"Bieber, Shane",40.1,8,37,7,23.3,4.4,1,0.465,0.293,0.327
"Schultz, Paxton",24.2,4,28,8,25.5,7.3,1,0.385,0.346,0.302
"Fairbanks, Pete",60.1,7,59,18,24.2,7.4,1,0.338,0.269,0.275
"Zimmermann, Bruce",6,2,1,2,3.6,7.1,0,0.409,0.352,0.322
"Raquet, Nick",2,0,1,1,14.3,14.3,0,0.165,0.099,0.208
"Schmidt, Clarke",78.2,9,73,30,23.1,9.5,1,0.339,0.277,0.272
"Civale, Aaron",102,16,88,33,20.2,7.6,7,0.423,0.323,0.314
"Brown, Hunter",185.1,17,206,57,28.3,7.8,7,0.339,0.262,0.277
"Suarez, José",19.1,1,16,10,19.8,12.3,0,0.393,0.27,0.317
"Spence, Mitch",84.2,16,66,26,17.6,6.9,4,0.508,0.35,0.363
"López, Jorge",24.2,1,17,6,16.2,5.7,3,0.468,0.302,0.354
"Bradley, Taj",142.2,19,127,56,21,9.3,4,0.405,0.314,0.314
"Effross, Scott",10.2,1,6,3,11.8,5.9,0,0.471,0.398,0.343
"Pagán, Emilio",68.2,10,81,22,30,8.1,2,0.346,0.254,0.266
"Williams, Gavin",167.2,23,173,83,24.6,11.8,3,0.405,0.299,0.321
"Santana, Dennis",70.1,5,60,17,22.2,6.3,3,0.403,0.236,0.292
"Robertson, David",17.2,4,22,8,28.2,10.3,0,0.457,0.348,0.329
"Sheehan, Emmet",73.1,7,89,22,30.6,7.6,2,0.346,0.251,0.271
"Bruihl, Justin",13.2,2,18,7,27.7,10.8,1,0.365,0.376,0.298
"Burrows, Mike",96,13,97,31,24.1,7.7,5,0.425,0.305,0.322
"Skubal, Tarik",195.1,18,241,33,32.2,4.4,5,0.344,0.245,0.258
"Hill, Tim",67,8,37,16,13.8,5.9,0,0.383,0.274,0.288
"Cano, Yennier",58,7,53,24,21.1,9.6,3,0.351,0.342,0.299
"Borucki, Ryan",35,4,32,16,22.1,11,1,0.433,0.31,0.341
"Simpson, Josh",30.2,5,36,22,23.8,14.6,3,0.383,0.367,0.333
"Junis, Jakob",66.2,5,55,18,20.1,6.6,4,0.406,0.301,0.312
"Birdsong, Hayden",65.2,10,68,37,22.8,12.4,5,0.42,0.338,0.334
"Carrasco, Carlos",45.2,10,34,17,16,8,0,0.468,0.393,0.354
"Selby, Colin",14,2,14,2,23.3,3.3,0,0.432,0.315,0.292
"Graceffo, Gordon",43,2,40,13,20.7,6.7,2,0.427,0.34,0.325
"Tonkin, Michael",24,3,19,8,18.4,7.8,5,0.466,0.312,0.355
"Taillon, Jameson",129.2,24,98,27,18.9,5.2,0,0.424,0.297,0.305
"Anderson, Shaun",11.1,6,11,3,19.6,5.4,0,0.568,0.483,0.376
"Trevino, Jose",2.1,0,1,1,8.3,8.3,0,0.748,0.413,0.447
"Casparius, Ben",77.2,8,71,21,21.3,6.3,3,0.392,0.312,0.3
"Flexen, Chris",43.2,7,22,12,12.4,6.7,0,0.478,0.285,0.346
"Bivens, Spencer",81,6,61,25,17.8,7.3,5,0.394,0.322,0.313
"Montero, Rafael",60.1,5,58,37,22.9,14.6,0,0.327,0.283,0.295
"McDaniels, Garrett",10.2,2,6,8,12,16,1,0.425,0.415,0.371
"Johnson, Ryan",14.2,4,16,5,22.2,6.9,0,0.394,0.408,0.293
"Imanaga, Shota",144.2,31,117,26,20.6,4.6,1,0.469,0.293,0.313
"Ohtani, Shohei",47,3,62,8,33.2,4.3,0,0.322,0.249,0.249
"Abner, Philip",3.2,0,5,3,27.8,16.7,0,0.373,0.401,0.311
"Thomas, Connor",5.1,3,5,2,16.1,6.5,1,0.691,0.545,0.481
"Thornton, Trent",42.1,6,32,14,17.8,7.8,4,0.44,0.317,0.339
"Márquez, Germán",126.1,23,83,48,14,8.1,6,0.504,0.393,0.366
"Treinen, Blake",26.2,4,36,19,27.9,14.7,2,0.352,0.358,0.301
"Yesavage, Trey",14,0,16,7,25.8,11.3,0,0.369,0.275,0.314
"Lara, Andry",14.1,2,10,8,12.8,10.3,1,0.487,0.445,0.394
"Barco, Hunter",3,0,3,0,25,0,0,0.472,0.251,0.326
"Sands, Cole",72,7,64,19,21.4,6.4,4,0.403,0.296,0.306
"Anderson, Grant",69.2,8,74,29,24.7,9.7,2,0.36,0.287,0.3
"Castillo, José",32,4,30,14,20.1,9.4,4,0.372,0.367,0.315
"Newcomb, Sean",92.1,5,91,31,23.3,7.9,5,0.374,0.306,0.306
"Kremer, Dean",171.2,22,142,45,20.1,6.4,2,0.413,0.305,0.304
"Wicks, Jordan",14.1,2,13,1,19.4,1.5,0,0.413,0.4,0.31
"McGreevy, Michael",95.2,12,58,20,14.5,5,3,0.457,0.318,0.333
"Matzek, Tyler",6.1,0,7,5,20,14.3,0,0.456,0.418,0.352
"Hart, Kyle",43,9,37,13,20.7,7.3,2,0.402,0.32,0.299
"Loutos, Ryan",12,4,8,8,11.8,11.8,2,0.547,0.446,0.408
"Waddell, Brandon",31.1,4,22,11,16.4,8.2,1,0.486,0.32,0.36
"Koenig, Jared",66,6,68,20,25.4,7.5,4,0.324,0.294,0.263
"Matz, Steven",76.2,8,59,11,19.1,3.6,2,0.404,0.291,0.287
"Olson, Reese",68.2,5,65,25,22.8,8.8,5,0.391,0.287,0.313
"Nikhazy, Doug",4,0,5,6,21.7,26.1,0,0.523,0.435,0.43
"Harvey, Hunter",10.2,0,11,1,28.2,2.6,0,0.224,0.153,0.193
"Ryan, Joe",171,26,194,39,28.2,5.7,12,0.397,0.29,0.289
"Holton, Tyler",78.2,15,64,17,20.5,5.4,0,0.414,0.288,0.303
"King, Bryan",68,10,69,11,25.1,4,4,0.358,0.282,0.274
"Martinez, Seth",6.2,2,4,3,14.8,11.1,0,0.527,0.307,0.381
"Mazur, Adam",30,4,19,12,13.7,8.6,1,0.459,0.329,0.347
"Castaño, Blas",3,1,1,2,6.3,12.5,1,0.76,0.471,0.505
"Maton, Phil",61.1,3,81,24,32.5,9.6,7,0.282,0.266,0.264
"Peraza, Oswald",2.1,1,0,0,0,0,1,0.483,0.637,0.38
"Cruz, Steven",45.2,5,38,18,20.1,9.5,1,0.357,0.28,0.289
"Wilson, Will",2,1,0,0,0,0,0,0.964,0.411,0.591
"Megill, Trevor",47,3,60,17,31.3,8.9,0,0.364,0.259,0.281
"Alexander, Jason",77.1,15,65,26,19.3,7.7,3,0.444,0.341,0.339
"Patrick, Chad",119.2,13,127,40,25.2,8,4,0.395,0.307,0.306
"McLean, Nolan",48,4,57,16,30.3,8.5,2,0.357,0.259,0.292
"Rodríguez, Manuel",30.1,2,25,6,20.7,5,1,0.33,0.26,0.274
"Leasure, Jordan",64.1,12,81,30,30.1,11.2,1,0.348,0.312,0.279
"Blackburn, Paul",39,6,34,12,19.4,6.9,1,0.399,0.359,0.31
"Ashcraft, Graham",65.1,2,64,25,22.5,8.8,0,0.337,0.309,0.29
"Lynch IV, Daniel",67.2,8,45,26,15.6,9,6,0.414,0.327,0.328
"Peguero, Elvis",9.1,1,8,6,17,12.8,1,0.41,0.369,0.349
"Wolfram, Grant",26.2,2,31,15,23.3,11.3,1,0.331,0.353,0.295
"Leahy, Kyle",88,5,80,28,22,7.7,1,0.417,0.281,0.325
"Pilkington, Konnor",28.1,7,34,17,27.6,13.8,2,0.524,0.346,0.382
"Estévez, Carlos",66,5,54,22,20.1,8.2,4,0.404,0.255,0.299
"Tong, Jonah",18.2,3,22,9,25.3,10.3,0,0.443,0.376,0.342
"Littell, Zack",186.2,36,130,32,17.1,4.2,7,0.458,0.311,0.323
"Giolito, Lucas",145,17,121,56,19.7,9.1,1,0.464,0.301,0.345
"Morgan, David",47.1,4,50,23,25.9,11.9,2,0.348,0.287,0.301
"Pomeranz, Drew",49.2,5,57,15,28.1,7.4,5,0.365,0.265,0.291
"Strahm, Matt",62.1,5,70,20,27.3,7.8,2,0.33,0.267,0.261
"Schwellenbach, Spencer",110.2,13,108,18,24.9,4.1,2,0.395,0.266,0.294
"Gasser, Robert",5.2,1,5,4,17.2,13.8,2,0.389,0.35,0.342
"Harris, Hayden",2.2,0,0,2,0,16.7,0,0.603,0.367,0.473
"Monteverde, Patrick",3.2,0,4,1,20,5,0,0.413,0.469,0.324
"Javier, Cristian",37,3,34,15,21.7,9.6,1,0.355,0.294,0.285
"Zuber, Tyler",12,3,14,6,23.7,10.2,0,0.563,0.416,0.387
"Poulin, PJ",24.2,2,27,13,24.5,11.8,2,0.345,0.307,0.308
"Leiter Jr., Mark",48.1,5,54,17,24.7,7.8,4,0.364,0.343,0.301
"Manaea, Sean",60.2,13,75,12,28.5,4.6,7,0.422,0.337,0.31
"Hoffman, Jeff",68,15,84,27,29.3,9.4,4,0.408,0.32,0.301
"Williams, Devin",62,5,90,25,34.7,9.7,4,0.315,0.271,0.272
"Bradish, Kyle",32,3,47,10,37.3,7.9,1,0.341,0.255,0.275
"Avila, Luinder",14,0,16,6,28.6,10.7,0,0.222,0.204,0.226
"Curvelo, Luis",19,3,20,10,23.8,11.9,0,0.367,0.324,0.299
"Skenes, Paul",187.2,11,216,42,29.5,5.7,6,0.321,0.247,0.255
"Kelly, Merrill",184,23,167,48,22.3,6.4,2,0.431,0.288,0.316
"Clarke, Taylor",55.1,8,44,9,21.4,4.4,1,0.416,0.256,0.298
"Vásquez, Randy",133.2,16,78,52,13.7,9.1,7,0.481,0.311,0.354
"Sommers, Drew",3,1,3,3,15.8,15.8,1,0.46,0.589,0.395
"McGough, Scott",16,4,16,7,21.3,9.3,1,0.553,0.377,0.377
"Teng, Kai-Wei",29.2,2,39,17,28.1,12.2,7,0.321,0.335,0.311
"Gillispie, Connor",26,6,23,11,18.7,8.9,1,0.493,0.387,0.354
"Loáisiga, Jonathan",29.2,7,25,10,18.5,7.4,3,0.372,0.367,0.294
"Clase, Emmanuel",47.1,2,47,12,23.4,6,4,0.336,0.285,0.277
"Dana, Caden",32.1,9,33,18,23.4,12.8,1,0.422,0.365,0.338
"Springs, Jeffrey",171,28,138,54,19.4,7.6,3,0.431,0.309,0.321
"Stroman, Marcus",39,6,26,16,14.9,9.1,2,0.497,0.356,0.367
"Baz, Shane",166.1,26,176,64,24.8,9,9,0.386,0.33,0.306
"Rogers, Trevor",109.2,6,103,29,24.3,6.9,2,0.376,0.226,0.288
"Laweryson, Cody",7.2,0,7,0,26.9,0,0,0.255,0.141,0.219
"Hernandez, Nick",10.2,3,11,8,21.2,15.4,0,0.48,0.412,0.347
"Blanco, Ronel",48.1,7,48,20,24.1,10.1,0,0.354,0.292,0.279
"Rodríguez, Randy",50.2,4,67,11,33.8,5.6,4,0.308,0.239,0.251
"Owens, Tyler",3,0,1,3,6.7,20,0,0.44,0.315,0.399
"Morejon, Adrian",73.2,2,70,17,24.5,5.9,0,0.31,0.208,0.254
"Hancock, Emerson",90,15,64,31,16.6,8.1,5,0.468,0.339,0.358
"Ginn, J.T.",90.1,17,99,31,25.3,7.9,6,0.388,0.344,0.301
"Pallante, Andre",162.2,21,111,62,15.5,8.7,5,0.402,0.334,0.321
"Ottavino, Adam",1.2,0,3,4,33.3,44.4,0,0.115,0.307,0.359
"Garcia, Rico",34.1,5,38,10,26.8,7,0,0.351,0.292,0.28
"Sauer, Matt",29.2,6,24,8,18.6,6.2,2,0.462,0.37,0.34
"Cortes, Nestor",34.1,13,29,20,18.5,12.7,2,0.573,0.405,0.395
"Scherzer, Max",85,19,82,23,22.9,6.4,2,0.482,0.346,0.332
"Cantillo, Joey",95.1,10,108,42,26.9,10.5,0,0.37,0.289,0.3
"Kent, Zak",17.2,1,16,8,21.1,10.5,1,0.302,0.305,0.287
"Blubaugh, AJ",32,6,35,12,28,9.6,0,0.383,0.251,0.279
"Corbin, Patrick",155.1,21,131,51,19.8,7.7,3,0.439,0.328,0.336
"Matthews, Zebby",79.1,12,88,24,24.9,6.8,0,0.447,0.338,0.333
"Alexander, Scott",17.2,5,8,9,9.9,11.1,1,0.637,0.449,0.437
"Canning, Griffin",76.1,8,70,34,21.4,10.4,0,0.435,0.303,0.334
"Rooney, John",1.1,1,2,1,33.3,16.7,0,0.625,0.455,0.403
"Bednar, David",62.2,4,86,19,34.3,7.6,1,0.339,0.249,0.264
"Peralta, Luis",19,6,16,18,15.8,17.8,2,0.565,0.444,0.438
"Senzatela, Antonio",130,22,73,47,11.8,7.6,8,0.544,0.406,0.395
"Fedde, Erick",141,19,83,67,13.3,10.8,3,0.461,0.344,0.355
"Strider, Spencer",125.1,20,131,51,24.3,9.5,8,0.455,0.344,0.34
"Krook, Matt",3.1,0,3,1,20,6.7,0,0.451,0.417,0.324
"Junk, Janson",110,8,77,13,17.2,2.9,4,0.453,0.295,0.326
"Miller, Bobby",5,2,7,2,25,7.1,1,0.571,0.525,0.397
"Jarvis, Bryce",22,3,21,10,21.4,10.2,1,0.383,0.351,0.314
"Blewett, Scott",44.1,9,35,18,18,9.3,1,0.446,0.343,0.332
"Kranick, Max",37,5,25,7,16.7,4.7,0,0.453,0.283,0.329
"Booser, Cam",31,8,35,19,24.5,13.3,2,0.422,0.35,0.326
"Smith, Dylan",13,0,4,5,8.3,10.4,3,0.314,0.235,0.308
"Rogers, Tyler",77.1,4,48,7,16.1,2.3,1,0.311,0.241,0.256
"Latz, Jacob",85.2,7,76,37,21.8,10.6,0,0.395,0.29,0.315
"Allard, Kolby",65,5,42,14,15.8,5.3,1,0.39,0.293,0.286
"Lovelady, Richard",11.2,3,12,6,21.1,10.5,4,0.476,0.396,0.366
"Thompson, Ryan",41.1,4,36,13,20.6,7.4,2,0.381,0.308,0.295
"Berríos, José",166,26,138,56,19.8,8,7,0.454,0.325,0.337
"Gibson, Cade",54.2,3,43,21,18.7,9.1,6,0.347,0.279,0.304
"Englert, Mason",44.2,4,44,11,23.8,5.9,1,0.415,0.285,0.318
"Keller, Brad",69.2,4,75,22,27.2,8,6,0.296,0.238,0.262
"Pérez, Cionel",21.2,3,21,18,19.1,16.4,2,0.317,0.407,0.308
"Nance, Tommy",31.2,0,32,7,25.4,5.6,1,0.388,0.225,0.306
"Poteet, Cody",2.2,0,1,2,6.3,12.5,0,0.478,0.507,0.358
"Kittredge, Andrew",53,7,64,11,30.8,5.3,0,0.351,0.266,0.261
"Cox, Austin",21.1,9,22,7,21.6,6.9,0,0.561,0.434,0.37
"Gage, Matt",31,0,27,12,19.7,8.8,2,0.291,0.315,0.272
"Montas, Frankie",38.2,8,32,14,18,7.9,1,0.483,0.38,0.353
"Stratton, Chris",21,4,22,10,21.2,9.6,0,0.463,0.414,0.344
"Silseth, Chase",11,1,13,6,26.5,12.2,1,0.383,0.31,0.312
"Mize, Casey",149,21,139,36,22.2,5.7,3,0.412,0.319,0.298
"Ohl, Pierson",30,5,27,7,20.3,5.3,0,0.452,0.359,0.337
"Bernardino, Brennan",51.2,1,43,27,19.1,12,3,0.325,0.256,0.287
"Puk, A.J.",8,2,12,2,34.3,5.7,1,0.325,0.36,0.264
"Farris, Mitch",24.1,4,24,11,22.4,10.3,1,0.473,0.349,0.361
"Perkins, Jack",38.2,4,37,18,23,11.2,2,0.351,0.277,0.297
"Warren, Austin",9.1,1,9,4,26.5,11.8,0,0.425,0.245,0.323
"Garcia, Brandyn",14.1,0,14,8,21.2,12.1,1,0.338,0.352,0.317
"Bido, Osvaldo",79.2,19,68,35,18.7,9.6,6,0.487,0.384,0.354
"Cleavinger, Garrett",61.1,9,82,18,33.7,7.4,7,0.333,0.271,0.28
"Taylor, Troy",6.2,2,2,3,5.4,8.1,1,0.696,0.495,0.475
"Stephenson, Robert",10,1,10,3,23.8,7.1,1,0.378,0.273,0.285
"Petty, Chase",6,3,7,8,17.5,20,1,0.618,0.58,0.471
"Curtiss, John",36.2,5,24,5,17,3.5,0,0.462,0.27,0.32
"Iglesias, Raisel",67.1,8,73,17,27.3,6.4,2,0.376,0.266,0.277
"Kinley, Tyler",72.2,6,73,33,23.7,10.7,3,0.355,0.263,0.292
"Vargas, Carlos",77,10,54,23,16.3,6.9,7,0.371,0.327,0.298
"Priester, Quinn",157.1,18,132,50,20.2,7.7,6,0.37,0.31,0.298
"Banda, Anthony",65,8,61,35,22.7,13,2,0.355,0.285,0.296
"Doval, Camilo",65.1,4,72,35,25.9,12.6,3,0.33,0.285,0.297
"Rogers, Taylor",50.2,7,53,23,24,10.4,3,0.406,0.329,0.315
"Barnes, Jacob",8,1,5,3,13.9,8.3,0,0.515,0.345,0.377
"Winckowski, Josh",11.2,0,9,5,17.3,9.6,1,0.499,0.281,0.381
"Backhus, Kyle",25.1,3,22,8,19.1,7,3,0.408,0.35,0.327
"Waldrep, Hurston",56.1,3,55,22,24,9.6,3,0.359,0.276,0.31
"Gomber, Austin",57.2,16,34,17,12.5,6.3,1,0.553,0.411,0.372
"Holmes, Grant",115,16,123,54,25,11,7,0.414,0.316,0.329
"Henry, Tommy",6.2,3,8,1,30.8,3.8,1,0.634,0.407,0.419
"Sewald, Paul",19.2,4,20,6,24.7,7.4,0,0.445,0.318,0.301
"Herrin, Tim",42.2,5,45,30,23.2,15.5,6,0.35,0.339,0.324
"Murray, Jayden",11.2,0,8,3,17,6.4,0,0.386,0.232,0.302
"Mikolas, Miles",156.1,29,100,37,14.9,5.5,3,0.513,0.342,0.351
"Misiewicz, Anthony",4.2,2,5,4,21.7,17.4,0,0.668,0.413,0.462
"Oviedo, Johan",40.1,6,42,23,24.7,13.5,3,0.378,0.291,0.316
"Miller, Mason",61.2,5,104,28,44.4,12,1,0.279,0.225,0.249
"Wacha, Michael",172.2,15,126,45,17.6,6.3,4,0.42,0.299,0.316
"Houser, Adrian",125,10,92,38,17.8,7.3,8,0.387,0.312,0.312
"Ober, Bailey",146.1,30,120,31,19.2,5,5,0.462,0.344,0.323
"Swanson, Erik",5.1,2,3,5,10,16.7,1,0.47,0.489,0.382
"Greene, Hunter",107.2,15,132,26,31.4,6.2,2,0.372,0.267,0.273
"Seymour, Ian",57,5,64,19,26.4,7.9,3,0.383,0.274,0.308
"Hader, Josh",52.2,8,76,16,36.9,7.8,2,0.271,0.249,0.221
"Adams, Travis",33.2,6,31,17,19.6,10.8,3,0.505,0.378,0.393
"Scholtens, Jesse",8.1,1,12,3,31.6,7.9,0,0.346,0.294,0.279
"Speier, Gabe",62,5,82,11,33.7,4.5,5,0.31,0.247,0.247
"Petersen, Michael",18,3,17,7,21.5,8.9,0,0.554,0.315,0.377
"Clevinger, Mike",5.2,0,3,8,9.7,25.8,0,0.258,0.333,0.34
"Peterson, David",168.2,11,150,65,20.7,9,7,0.407,0.311,0.331
"Smith-Shawver, AJ",44.1,4,42,20,22,10.5,1,0.503,0.315,0.378
"Anderson, Ian",9.1,2,8,7,15.7,13.7,0,0.436,0.444,0.357
"Corniell, Jose",1.2,1,1,1,11.1,11.1,0,0.691,0.54,0.448
"Chavez, Jesse",8,4,8,5,18.6,11.6,0,0.555,0.51,0.383
"Wilson, Bryse",47.1,11,28,19,12.5,8.5,2,0.578,0.41,0.422
"Díaz, Jhonathan",1.1,0,1,0,20,0,0,0.318,0.176,0.263
"McDermott, Chayce",8.2,3,9,12,17.6,23.5,1,0.567,0.476,0.458
"Nola, Aaron",94.1,18,97,28,24,6.9,4,0.417,0.346,0.315
"Mey, Luis",21,3,21,17,21.9,17.7,1,0.364,0.33,0.349
"O'Brien, Riley",48,2,45,22,22.6,11.1,7,0.306,0.27,0.298
"Walker, Josh",5,0,8,2,32,8,1,0.39,0.411,0.312
"Stanek, Ryne",56,7,58,32,22.7,12.5,0,0.411,0.33,0.327
"Ureña, José",55,8,34,23,13.9,9.4,3,0.542,0.342,0.389
"Veneziano, Anthony",25,4,25,11,21.4,9.4,2,0.476,0.359,0.357
"Assad, Javier",37,3,23,12,15,7.8,4,0.412,0.31,0.339
"Molina, Anthony",34.2,12,24,6,15,3.8,2,0.606,0.435,0.405
"Festa, Matt",54.2,4,56,15,24.8,6.6,5,0.341,0.268,0.29
"Edwards Jr., Carl",6,1,6,3,25,12.5,0,0.368,0.282,0.283
"Castillo, Luis F.",7,0,5,7,12.2,17.1,0,0.472,0.413,0.391
"Acton, Garrett",1,0,0,2,0,40,0,0.019,0.277,0.285
"Criswell, Cooper",17.2,3,9,5,11.3,6.3,0,0.403,0.349,0.31
"Ray, Robbie",182.1,22,186,73,24.6,9.7,4,0.385,0.299,0.3
"Fluharty, Mason",52.2,6,56,24,26,11.2,2,0.35,0.271,0.284
"López, Reynaldo",5,1,1,2,4,8,0,0.614,0.434,0.465
"Sandlin, Nick",16.1,2,16,8,23.2,11.6,2,0.382,0.286,0.324
"Sasaki, Roki",36.1,6,28,22,17.4,13.7,3,0.472,0.331,0.362
"Rodón, Carlos",195.1,22,203,73,25.7,9.3,9,0.351,0.266,0.285
"Shugart, Chase",45,6,31,17,17.1,9.4,1,0.441,0.286,0.332
"Bazardo, Eduard",78.2,9,82,27,26.2,8.6,2,0.359,0.252,0.285
"Long, Sam",40.1,7,33,22,17.5,11.6,2,0.423,0.369,0.342
"Spiers, Carson",13.1,3,11,7,18.3,11.7,1,0.561,0.36,0.404
"Finnegan, Kyle",57,4,55,18,24,7.9,1,0.337,0.273,0.278
"Hoffman, Nolan",1,0,2,1,28.6,14.3,0,0.19,0.583,0.222
"Sears, JP",135.2,30,117,36,20.1,6.2,6,0.446,0.352,0.319
"Francis, Bowden",64,19,54,27,18.8,9.4,6,0.501,0.382,0.373
"Williams, Trevor",82.2,11,65,21,17.4,5.6,2,0.435,0.352,0.33
"Santillan, Tony",73.2,7,75,29,24.9,9.6,5,0.404,0.28,0.322
"Enns, Dietrich",46.1,6,49,15,24.5,7.5,0,0.365,0.318,0.288
"Estrada, Jeremiah",73,12,108,27,35.5,8.9,3,0.325,0.295,0.26
"Young, Brandon",57.2,12,47,22,18.4,8.6,0,0.439,0.372,0.32
"Gordon, Tanner",75.1,16,62,17,18.4,5,3,0.53,0.374,0.368
"Alcala, Jorge",55,13,61,30,23.7,11.7,1,0.428,0.393,0.327
"Arrighetti, Spencer",35.1,6,31,20,19.9,12.8,3,0.426,0.331,0.356
"Quantrill, Cal",117.2,22,85,35,16.6,6.8,5,0.517,0.367,0.366
"Sims, Lucas",12.1,2,13,14,18.1,19.4,7,0.439,0.433,0.408
"Lodolo, Nick",156.2,22,156,31,24.3,4.8,13,0.388,0.293,0.291
"Henderson, Logan",25.1,3,33,8,33.3,8.1,0,0.387,0.246,0.299
"Morales, Luis",48.2,8,43,18,21.6,9,1,0.442,0.297,0.325
"Rodriguez, Bradgley",7.2,0,9,3,29,9.7,3,0.182,0.248,0.237
"Raley, Brooks",25.2,0,25,6,25.3,6.1,2,0.289,0.2,0.241
"Stewart, Brock",37.2,3,44,13,27.7,8.2,4,0.303,0.284,0.259
"Estes, Joey",11,4,6,6,10.9,10.9,1,0.49,0.456,0.364
"Kirby, George",126,15,137,29,26.1,5.5,7,0.399,0.3,0.306
"Akin, Keegan",63.1,10,59,33,22,12.3,1,0.439,0.318,0.333
"Steele, Justin",22.2,5,21,5,22.8,5.4,1,0.484,0.326,0.343
"Dodd, Dylan",35,5,30,5,22.1,3.7,1,0.401,0.274,0.289
"Walker, Taijuan",123.2,21,86,42,16,7.8,4,0.439,0.337,0.33
"Brown, Ben",106.1,18,121,32,25.6,6.8,4,0.45,0.345,0.329
"Kerkering, Orion",60,6,65,27,24.4,10.2,4,0.353,0.3,0.298
"Quintana, Jose",131.2,18,89,50,16,9,5,0.463,0.308,0.349
"Knack, Landon",42.1,10,42,19,22.7,10.3,2,0.495,0.35,0.362
"Campbell, Isaiah",7.2,1,3,1,8.6,2.9,1,0.421,0.421,0.344
"Lawrence, Justin",17.2,0,23,8,33.3,11.6,2,0.312,0.224,0.265
"Hernández, Enrique",5.1,1,1,8,2.7,21.6,0,0.517,0.463,0.442
"Ferrer, José A.",76.1,5,71,16,21.9,4.9,7,0.353,0.31,0.294
"Lord, Brad",130.2,17,108,43,19.8,7.9,3,0.437,0.319,0.335
"Heaney, Andrew",122.1,25,86,40,16,7.5,9,0.492,0.357,0.362
"Vasil, Mike",101,8,82,52,19.4,12.3,8,0.368,0.284,0.312
"Boyd, Matthew",179.2,19,154,42,21.4,5.8,9,0.398,0.287,0.301
"Mejia, Juan",61.1,6,68,25,26.1,9.6,6,0.297,0.309,0.27
"Minter, A.J.",11,0,14,4,32.6,9.3,0,0.367,0.196,0.279
"Bachar, Lake",71,10,75,30,25.3,10.1,3,0.441,0.296,0.327
"Cruz, Fernando",48,5,72,24,36,12,3,0.332,0.281,0.288
"Wesneski, Hayden",32,7,29,6,22.1,4.6,1,0.457,0.322,0.321
"Zeferjahn, Ryan",57,12,73,34,28.5,13.3,4,0.403,0.335,0.321
"Pérez, Martín",56,6,44,22,19.3,9.6,2,0.492,0.278,0.354
"Snell, Blake",61.1,3,72,26,28.3,10.2,0,0.321,0.278,0.283
"Banks, Tanner",67.1,9,61,12,22.8,4.5,1,0.42,0.273,0.303
"Martinez, Justin",15.1,1,22,12,32.8,17.9,3,0.221,0.27,0.28
"Suter, Brent",67.2,11,53,18,18.2,6.2,2,0.425,0.316,0.314
"Mederos, Victor",17,4,14,12,17.3,14.8,3,0.429,0.417,0.351
"Helsley, Ryan",56,8,63,25,25,9.9,1,0.395,0.336,0.31
"Shuster, Jared",15.2,0,12,5,14.6,6.1,2,0.404,0.379,0.32
"Orze, Eric",41.2,4,40,19,22.5,10.7,3,0.356,0.317,0.297
"Chivilli, Angel",58.2,13,43,23,15.6,8.4,6,0.478,0.387,0.356
"Gausman, Kevin",193,21,189,50,24.4,6.5,3,0.407,0.273,0.301
"McGuire, Reese",1,1,0,1,0,16.7,0,0.802,0.602,0.529
"Ortiz, Luis",88.2,12,96,42,25.1,11,1,0.442,0.312,0.336
"White, Owen",7,1,6,3,17.1,8.6,0,0.479,0.466,0.386
"Weissert, Greg",67,6,57,21,20.5,7.6,3,0.371,0.284,0.289
"Gallen, Zac",192,31,175,66,21.5,8.1,4,0.434,0.315,0.32
"Murphy, Chris",34.2,4,30,20,20.3,13.5,5,0.341,0.276,0.31
"Johnson, Pierce",59,8,59,19,24.8,8,1,0.395,0.302,0.297
"Johnson, Seth",12.2,3,17,4,31.5,7.4,0,0.292,0.316,0.234
"Núñez, Dedniel",9.2,1,11,6,26.8,14.6,0,0.48,0.286,0.351
"Burke, Brock",61.2,8,52,18,20.2,7,3,0.393,0.308,0.303
"Sugano, Tomoyuki",157,33,106,36,15.7,5.3,8,0.524,0.342,0.366
"Henriquez, Edgardo",19,2,18,5,23.1,6.4,0,0.376,0.28,0.285
"Feltner, Ryan",30.1,4,25,12,18.5,8.9,0,0.349,0.336,0.284
"Scott, Tayler",27.1,6,24,18,17.9,13.4,1,0.498,0.415,0.382
"Verlander, Justin",152,16,137,52,20.7,7.9,6,0.419,0.32,0.319
"May, Dustin",132.1,21,123,56,21.1,9.6,12,0.451,0.342,0.349
"Harrington, Thomas",8.2,3,7,7,14,14,0,0.594,0.521,0.422
"Bautista, Félix",34.2,3,50,23,35.2,16.2,0,0.278,0.246,0.264
"Alvarez, Andrew",23.1,1,20,10,20.4,10.2,1,0.28,0.241,0.265
"Ferguson, Tyler",58,4,54,34,22,13.8,4,0.34,0.296,0.301
"Morton, Charlie",142,23,149,72,22.8,11,14,0.409,0.36,0.333
"Lauer, Eric",104.2,15,102,26,23.9,6.1,2,0.419,0.295,0.306
"Gil, Luis",57,5,41,33,16.8,13.5,1,0.42,0.311,0.342
"Muñoz, Andrés",62.1,2,83,28,32.7,11,4,0.293,0.228,0.263
"Palmquist, Carson",34.1,10,27,25,15.4,14.3,3,0.516,0.43,0.378
"McFarland, T.J.",15.2,2,7,3,9.5,4.1,1,0.501,0.427,0.358
"Woods Richardson, Simeon",111.1,17,107,46,22.7,9.8,3,0.402,0.308,0.304
"Zulueta, Yosver",7.1,1,5,4,15.6,12.5,0,0.507,0.269,0.358
"Meyer, Max",64.2,12,68,20,23.9,7,2,0.453,0.341,0.337
"Peralta, Freddy",176.2,21,204,66,28.2,9.1,9,0.361,0.27,0.289
"Valdez, Framber",192,15,187,68,23.3,8.5,7,0.37,0.295,0.303
"Jax, Griffin",66,7,99,21,35,7.4,1,0.359,0.299,0.282
"Ashby, Aaron",66.2,3,76,24,28.1,8.9,4,0.301,0.279,0.275
"Neris, Héctor",26.2,6,35,16,28.2,12.9,1,0.44,0.388,0.331
"Bergert, Ryan",76.1,8,73,35,22.6,10.8,1,0.41,0.29,0.322
"Senga, Kodai",113.1,12,109,55,22.6,11.4,3,0.373,0.313,0.309
"Cruz, Omar",3.2,0,5,3,27.8,16.7,0,0.308,0.332,0.298
"Miller, Bryce",90.1,17,74,34,18.9,8.7,3,0.463,0.349,0.351
"Fernández, Julian",5,2,5,2,25,10,0,0.622,0.317,0.424
"Darvish, Yu",72,14,68,19,23,6.4,6,0.395,0.334,0.297
"Phillips, Connor",25,3,32,12,32.7,12.2,2,0.381,0.245,0.308
"De León, José",6.2,1,8,3,28.6,10.7,0,0.308,0.367,0.282
"Tate, Dillon",6.1,1,8,6,23.5,17.6,1,0.458,0.396,0.385
"Brasier, Ryan",26,2,20,5,19,4.8,0,0.45,0.306,0.339
"Daniel, Davis",10,1,9,7,19.6,15.2,1,0.529,0.35,0.391
"García, Yimi",21,2,25,12,27.8,13.3,1,0.417,0.255,0.336
"Rolison, Ryan",42.1,11,25,20,13,10.4,0,0.491,0.406,0.364
"Severino, Luis",162.2,16,124,50,17.6,7.1,16,0.416,0.313,0.331
"Adcock, Ty",3,1,5,2,35.7,14.3,0,0.236,0.331,0.223
"Díaz, Yilber",3,0,1,3,6.7,20,0,0.686,0.423,0.499
"Nicolas, Kyle",38,3,34,18,20.4,10.8,2,0.381,0.303,0.316
"Kikuchi, Yusei",178.1,24,174,74,22.5,9.6,3,0.428,0.327,0.327
"Tinoco, Jesus",19.1,1,10,8,12.5,10,0,0.354,0.297,0.294
"Gilbert, Logan",131,20,173,31,32.3,5.8,7,0.367,0.28,0.275
"Woodford, Jake",36.1,3,23,13,13.5,7.6,3,0.428,0.343,0.344
"Cabrera, Génesis",42.2,12,35,18,18.7,9.6,2,0.451,0.38,0.333
"Warren, Will",162.1,22,171,65,24.1,9.1,4,0.426,0.321,0.33
"Luzardo, Jesús",183.2,16,216,57,28.5,7.5,3,0.355,0.29,0.285
"Ross, Joe",51,8,39,18,17.1,7.9,3,0.52,0.356,0.373
"Davis, Noah",11,7,15,6,23.1,9.2,7,0.709,0.57,0.492
"Sulser, Cole",22.2,1,22,7,24.4,7.8,0,0.312,0.266,0.262
"Kershaw, Clayton",112.2,8,84,35,18.1,7.6,2,0.377,0.292,0.303
"Wilson, Justin",48.1,3,57,20,27.5,9.7,2,0.363,0.309,0.296
"Hoeing, Bryan",8,0,5,3,13.9,8.3,0,0.278,0.318,0.245
"Murfee, Penn",12.2,3,13,5,20.6,7.9,1,0.544,0.411,0.38
"Smith, Shane",146.1,17,145,58,23.5,9.4,12,0.383,0.296,0.31
"Ginkel, Kevin",25.2,2,29,13,24,10.7,2,0.412,0.338,0.33
"Nelson, Ryne",154,17,132,41,21.3,6.6,4,0.411,0.284,0.308
"McGee, Easton",14.2,1,13,5,21,8.1,0,0.432,0.305,0.32
"Burr, Ryan",2,0,3,1,37.5,12.5,0,0.195,0.197,0.222
"Kopech, Michael",11,0,12,13,22.6,24.5,0,0.267,0.27,0.33
"Maldonado, Anthony",6,3,7,5,21.2,15.2,0,0.568,0.505,0.4
"Eflin, Zach",71.1,18,50,13,16.2,4.2,2,0.468,0.378,0.327
"Burns, Chase",43.1,5,67,16,35.6,8.5,0,0.377,0.311,0.291
"Hjelle, Sean",15,2,11,9,15.1,12.3,0,0.454,0.399,0.353
"Carrillo, Alex",4.2,4,4,2,18.2,9.1,1,0.878,0.563,0.526
"Glasnow, Tyler",90.1,10,106,43,29,11.7,3,0.324,0.266,0.285
"Sabrowski, Erik",29.1,2,42,21,34.7,17.4,3,0.279,0.271,0.286
"Brogdon, Connor",47,11,49,18,24.6,9,0,0.434,0.341,0.305
"De Los Santos, Enyel",66,7,62,24,22.1,8.6,2,0.413,0.308,0.316
"Romano, Jordan",42.2,10,47,17,25.1,9.1,3,0.417,0.365,0.313
"Eder, Jake",18.1,3,15,9,19.2,11.5,1,0.416,0.317,0.318
"Bigge, Hunter",15,4,12,5,20,8.3,1,0.526,0.315,0.371
"Pope, Austin",2,0,1,1,11.1,11.1,0,0.428,0.273,0.382
"Young, Danny",8.1,0,13,3,35.1,8.1,1,0.274,0.298,0.268
"Fitts, Richard",45,11,40,16,20.5,8.2,3,0.488,0.337,0.361
"Romero, JoJo",61,2,55,29,21.6,11.4,2,0.343,0.265,0.291
"Sánchez, Cristopher",202,12,212,44,26.3,5.5,6,0.345,0.264,0.272
"Brebbia, John",23.1,5,26,12,22.6,10.4,4,0.41,0.388,0.33
"Sánchez, Ali",1,0,1,0,16.7,0,0,0.734,0.564,0.369
"Hollowell, Gavin",9.1,1,10,7,23.3,16.3,0,0.407,0.333,0.347
"De los Santos, Yerry",35.2,1,28,17,17.5,10.6,1,0.38,0.307,0.325
"Suarez, Robert",69.2,6,75,16,27.9,5.9,2,0.402,0.235,0.298
"Myers, Tobias",50.2,5,38,15,17.3,6.8,2,0.43,0.315,0.324
"Espada, Jose",3,0,4,0,44.4,0,0,0.025,0.098,0.023
"Montero, Keider",90.2,16,72,31,18.5,8,2,0.446,0.337,0.333
"Otañez, Michel",5.1,2,6,5,21.4,17.9,1,0.528,0.491,0.409
"Okert, Steven",71.2,6,84,19,30.4,6.9,2,0.326,0.233,0.253
"Nelson, Kyle",2,1,2,4,18.2,36.4,0,0.44,0.437,0.394
"Winn, Cole",41.2,3,35,17,21.6,10.5,4,0.406,0.255,0.317
"Leclerc, José",9,3,8,5,17.4,10.9,0,0.545,0.431,0.39
"Brieske, Beau",22,5,16,12,15.5,11.7,0,0.383,0.357,0.312
"Payamps, Joel",26.1,4,24,9,20.5,7.7,2,0.556,0.389,0.391
"Rashi, Taylor",16.1,0,22,8,30.6,11.1,0,0.349,0.293,0.301
"Jameson, Drey",3,0,0,3,0,23.1,0,0.531,0.488,0.47
"Lee, Chase",37.1,7,36,9,24.3,6.1,2,0.508,0.322,0.346
"DeSclafani, Anthony",38.2,11,36,12,21.3,7.1,5,0.425,0.354,0.316
"Vesia, Alex",59.2,9,80,22,33.8,9.3,5,0.346,0.269,0.274
"Estrada, Lazaro",7.1,2,10,1,28.6,2.9,2,0.453,0.412,0.341
"Gibson, Kyle",12.1,7,10,7,13.7,9.6,0,0.656,0.577,0.441
"Houck, Tanner",43.2,10,32,17,15.8,8.4,5,0.492,0.395,0.376
"Palencia, Daniel",52.2,5,61,16,28.4,7.4,2,0.354,0.284,0.282
"Mahle, Tyler",86.2,5,66,29,19.1,8.4,0,0.413,0.265,0.319
"Rutledge, Jackson",73.1,16,65,25,19.6,7.6,7,0.448,0.374,0.335
"Cecconi, Slade",132,24,109,32,20,5.9,3,0.489,0.319,0.343
"Castro, Miguel",6,1,4,5,14.3,17.9,1,0.36,0.374,0.347
"Kimbrel, Craig",12,2,17,7,34.7,14.3,0,0.371,0.326,0.314
"Cameron, Noah",138.1,18,114,43,20.5,7.7,3,0.41,0.281,0.313
"Svanson, Matt",60.1,3,68,20,29.1,8.5,4,0.337,0.225,0.275
"Strickland, Hunter",22,2,14,10,15.4,11,0,0.397,0.282,0.309
"Gray, Sonny",180.2,25,201,38,26.7,5,3,0.416,0.314,0.306
"Hall, DL",38.2,2,27,17,17.4,11,0,0.353,0.246,0.294
"Yamamoto, Yoshinobu",173.2,14,201,59,29.4,8.6,3,0.304,0.244,0.259
"Soriano, George",36.2,10,36,19,20.8,11,2,0.54,0.405,0.402
"Wilcox, Cole",1,0,1,3,8.3,25,0,0.498,0.498,0.449
"Contreras, Roansy",12.2,3,6,2,11.8,3.9,1,0.417,0.324,0.291
"Mears, Nick",56.2,7,46,14,20.7,6.3,1,0.466,0.266,0.324
"Hurter, Brant",63,4,68,27,24.5,9.7,11,0.327,0.303,0.297
"Pearson, Nate",14.2,2,7,10,9.3,13.3,1,0.464,0.407,0.373
"Beck, Tristan",56.2,7,41,16,17.7,6.9,2,0.429,0.286,0.326
"Palisch, Jake",1,0,0,0,0,0,0,0.628,0.503,0.447
"Schlittler, Cam",73,8,84,31,27.6,10.2,5,0.384,0.291,0.314
"Dubin, Shawn",33.2,6,28,11,19.3,7.6,2,0.376,0.351,0.301
"Fuentes, Didier",13,6,12,6,17.4,8.7,2,0.574,0.486,0.411
"Cabrera, Edward",137.2,17,150,48,25.8,8.3,10,0.394,0.303,0.312
"Darrell-Hicks, Michael",9.2,1,8,4,18.6,9.3,1,0.535,0.322,0.406
"Boushley, Caleb",43.1,5,41,14,21.2,7.3,2,0.496,0.356,0.37
"Harrison, Kyle",35.2,4,38,14,24.4,9,1,0.409,0.315,0.316
"Gilbreath, Lucas",1,1,2,0,50,0,0,1.133,0.509,0.639
"Pfaadt, Brandon",176.2,26,147,37,19.2,4.8,12,0.494,0.339,0.352
"Curry, Xzavion",3,0,1,3,6.3,18.8,0,0.342,0.35,0.318
"Jacob, Alek",33.1,6,23,14,15,9.2,6,0.436,0.361,0.344
"Guenther, Sean",10.1,0,8,5,18.6,11.6,0,0.467,0.303,0.366
"Abreu, Bryan",71,4,105,31,35.5,10.5,4,0.338,0.261,0.288
"Gillaspie, Logan",7,1,4,4,12.9,12.9,1,0.49,0.349,0.399
"Strowd, Kade",26.1,1,24,13,22.9,12.4,1,0.258,0.241,0.262
"Ogasawara, Shinnosuke",38.2,9,30,17,17.3,9.8,3,0.469,0.377,0.355
"Toussaint, Touki",2,0,3,1,27.3,9.1,0,0.346,0.417,0.291
"Lucchesi, Joey",38.1,4,31,12,18.8,7.3,2,0.371,0.298,0.293
"Lao, Sauryn",11,2,9,2,18.4,4.1,1,0.489,0.372,0.348
"Dobbins, Hunter",61,6,45,17,17.6,6.6,2,0.415,0.31,0.308
"Snider, Collin",26.1,3,24,6,20.2,5,2,0.51,0.366,0.361
"Walker, Ryan",61.1,4,60,18,22.6,6.8,8,0.368,0.306,0.304
"Webb, Logan",207,14,224,46,26.2,5.4,6,0.385,0.303,0.295
"Roberts, Ethan",9,3,6,2,15.4,5.1,1,0.565,0.398,0.38
"Yates, Kirby",41.1,9,52,18,29.1,10.1,1,0.422,0.354,0.317
"McCaughan, Darren",5.1,0,6,1,26.1,4.3,0,0.326,0.238,0.256
"Vodnik, Victor",50.2,4,49,26,22.8,12.1,0,0.394,0.308,0.317
"Brzykcy, Zach",23,6,24,12,21.8,10.9,2,0.477,0.393,0.367
"de Geus, Brett",2,0,0,3,0,30,0,0.3,0.296,0.348
"Crochet, Garrett",205.1,24,255,46,31.3,5.7,3,0.347,0.27,0.266
"Hernández, Daysbel",37,3,33,29,20.2,17.8,2,0.343,0.31,0.318
"Lugo, Seth",145.1,27,125,55,20.5,9,6,0.48,0.329,0.348
"Joyce, Ben",4.1,1,1,2,4.8,9.5,0,0.534,0.382,0.374
"Gibaut, Ian",25.1,3,15,8,13.8,7.3,0,0.428,0.313,0.312
"La Sorsa, Joe",6.2,4,2,2,6.1,6.1,0,0.514,0.552,0.357
"Bassitt, Chris",170.1,22,166,52,22.6,7.1,13,0.4,0.324,0.316
"Kahnle, Tommy",63,8,50,31,18.7,11.6,1,0.413,0.302,0.328
"Turnbull, Spencer",6.1,1,4,4,12.1,12.1,0,0.484,0.472,0.37
"Rodriguez, Eduardo",154.1,25,143,60,20.6,8.6,1,0.431,0.353,0.328
"Quijada, José",1.1,0,3,2,37.5,25,0,0.375,0.283,0.397
"Wheeler, Zack",149.2,19,195,33,33.3,5.6,8,0.313,0.263,0.247
"Roa, Christian",3,0,3,3,25,25,0,0.635,0.277,0.473
"Melton, Troy",45.2,7,36,15,20,8.3,1,0.406,0.268,0.297
"Wilson, Steven",55.1,7,51,22,21.2,9.1,3,0.382,0.296,0.302
"Rodríguez, Yariel",73,8,66,34,22.1,11.4,6,0.385,0.281,0.317
"Soriano, José",169,12,152,78,21,10.8,5,0.367,0.309,0.312
"Granillo, Andre",21,3,18,7,19.8,7.7,1,0.386,0.344,0.307
"López, Pablo",75.2,6,73,20,23.4,6.4,4,0.398,0.274,0.308
"Gervase, Paul",8.1,3,8,6,20.5,15.4,0,0.408,0.386,0.315
"Seabold, Connor",10.1,1,10,6,20.8,12.5,0,0.432,0.339,0.326
"Hill, Rich",9,2,4,8,9.3,18.6,0,0.479,0.376,0.391
"Anderson, Nick",14.2,3,10,3,16.1,4.8,0,0.442,0.355,0.326
"Fried, Max",195.1,14,189,51,23.6,6.4,10,0.357,0.272,0.287
"Thompson, Zach",3.2,0,3,1,25,8.3,0,0.154,0.058,0.172
"Castillo, Luis",180.2,23,162,46,21.7,6.2,7,0.418,0.304,0.312
"Mayza, Tim",16.2,2,15,5,20.3,6.8,2,0.328,0.32,0.274
"Rangel, Alan",11,1,8,6,17.4,13,0,0.49,0.331,0.365
"Miley, Wade",12,3,7,6,12.7,10.9,1,0.563,0.413,0.411
"Fitzgerald, Ryan",2,0,0,0,0,0,0,0.813,0.221,0.522
"Hodge, Porter",33,9,40,18,27.2,12.2,0,0.4,0.377,0.317
"Lazar, Max",41.1,7,26,12,15.3,7.1,0,0.505,0.329,0.371
"Devenski, Chris",16.2,1,14,5,21.5,7.7,2,0.386,0.252,0.3
"Garza, Justin",6.2,1,3,1,10.7,3.6,0,0.524,0.344,0.375
"Liberatore, Matthew",151.2,19,122,40,18.8,6.2,4,0.465,0.318,0.339
"Parker, Mitchell",164.2,25,103,58,14.2,8,4,0.507,0.342,0.37
"Maxwell, Zach",10,3,13,4,30.2,9.3,0,0.382,0.384,0.306
"Phillips, Tyler",77.2,8,52,24,16.6,7.7,2,0.37,0.284,0.298
"Roycroft, Chris",20.2,2,15,12,14.9,11.9,1,0.473,0.383,0.365
"Guerrero, Luis",17.1,0,10,14,13.9,19.4,0,0.404,0.26,0.379
"Wynne, Randy",3,1,3,1,23.1,7.7,0,0.528,0.374,0.33
"Detmers, Reid",63.2,6,80,25,30.1,9.4,2,0.363,0.295,0.296
"Armstrong, Shawn",74,5,74,20,26.1,7,6,0.338,0.224,0.272
"Merryweather, Julian",18.2,2,15,11,17,12.5,0,0.491,0.365,0.391
"Muñoz, Rolddy",3.2,1,5,5,23.8,23.8,2,0.435,0.457,0.412
"Brigham, Jeff",3.1,1,3,1,16.7,5.6,0,0.669,0.446,0.476
"Winn, Keaton",10,1,9,2,21.4,4.8,0,0.404,0.348,0.282
"Rocker, Kumar",64.1,11,56,23,19.5,8,4,0.492,0.352,0.364
"Herget, Kevin",13,0,6,5,10.7,8.9,0,0.406,0.277,0.324
"Walter, Brandon",53.2,10,52,4,24.5,1.9,3,0.391,0.288,0.282
"Henry, Cole",52.2,7,52,32,21.6,13.3,11,0.366,0.328,0.326
"Buttó, José",67,4,58,32,20.4,11.3,2,0.417,0.318,0.328
"Ellard, Fraser",17,1,22,19,29.7,25.7,1,0.346,0.303,0.357
"Buehler, Walker",126,22,92,60,16.3,10.6,11,0.45,0.348,0.355
"Wells, Tyler",21.2,4,18,2,22,2.4,0,0.45,0.279,0.296
"Little, Jack",3,0,2,1,14.3,7.1,1,0.249,0.403,0.264
"Little, Brendon",68.1,2,91,45,30.8,15.3,2,0.291,0.273,0.286
"Saalfrank, Andrew",29,1,19,10,16.8,8.8,0,0.421,0.229,0.311
"Sanders, Cam",6.2,2,4,5,11.8,14.7,0,0.618,0.414,0.441
"Sterner, Justin",65,10,70,21,26.3,7.9,7,0.366,0.278,0.285
"Marinaccio, Ron",10.2,0,12,4,28.6,9.5,0,0.23,0.192,0.211
"Ramírez, Erasmo",11,2,5,2,11.9,4.8,0,0.476,0.297,0.328
"Keller, Mitch",176.1,21,150,51,20,6.8,10,0.43,0.313,0.326
"Trivino III, Lou",47.2,6,37,18,17.9,8.7,6,0.443,0.323,0.346
"Whitley, Forrest",12,3,12,8,18.2,12.1,1,0.558,0.451,0.412
"Walters, Andrew",1.1,1,2,0,33.3,0,0,0.579,0.548,0.306
"Abel, Mick",39,8,39,16,22.4,9.2,1,0.455,0.351,0.346
"Miller, Shelby",46,5,54,15,29,8.1,4,0.378,0.26,0.292
"Green, Chad",43.2,14,35,13,18.4,6.8,2,0.557,0.385,0.37
"Hamilton, Ian",40,5,42,22,25.3,13.3,1,0.389,0.296,0.315
"Jobe, Jackson",49,7,39,27,17.9,12.4,2,0.438,0.337,0.34
"Cannon, Jonathan",103.2,19,86,38,18.5,8.2,6,0.485,0.358,0.354
"Gore, MacKenzie",159.2,20,185,63,27.2,9.3,5,0.415,0.318,0.322
"Gray, Jon",14,5,12,6,19,9.5,0,0.56,0.385,0.377
"Salazar, Eduardo",29,7,23,17,15.2,11.3,1,0.477,0.443,0.369
"Smith, Cade",73.2,4,104,19,34.7,6.3,4,0.299,0.255,0.248
"Matsui, Yuki",63.1,10,61,33,22.4,12.1,1,0.397,0.318,0.313
"Anderson, Tyler",136.1,28,104,57,17.4,9.5,3,0.48,0.341,0.345
"Barlow, Scott",68.1,8,75,45,24.8,14.9,6,0.365,0.301,0.323
"Garrett, Reed",55.1,5,64,26,26.9,10.9,1,0.342,0.292,0.292
"Klein, Will",15.1,0,21,10,30,14.3,2,0.348,0.317,0.324
"Sale, Chris",125.2,11,165,32,32.4,6.3,11,0.32,0.278,0.264
"Robert, Daniel",13,2,15,10,25.4,16.9,0,0.364,0.339,0.32
"Abbott, Andrew",166.1,19,149,43,21.8,6.3,3,0.385,0.288,0.294
"Bowden, Ben",10.2,2,7,5,14.9,10.6,0,0.611,0.346,0.39
"Harris, Hogan",64.2,5,65,33,23.5,11.9,1,0.353,0.289,0.305
"Thielbar, Caleb",58,5,56,13,25.5,5.9,0,0.321,0.236,0.247
"Henriquez, Ronny",73,8,98,27,32.3,8.9,4,0.349,0.269,0.269
"Crismatt, Nabil",34,6,25,9,16.3,5.9,1,0.436,0.34,0.33
"Gusto, Ryan",101.2,17,97,36,21.4,7.9,5,0.446,0.348,0.33
"Beeks, Jalen",57.1,6,47,20,20.3,8.7,2,0.398,0.271,0.306
"deGrom, Jacob",172.2,26,185,37,27.7,5.5,3,0.391,0.259,0.286
"Arias, Luarbert",10.1,2,10,5,18.2,9.1,2,0.555,0.443,0.414
"Legumina, Casey",49.2,7,55,25,25.1,11.4,2,0.378,0.325,0.304
"Feyereisen, J.P.",4,2,4,1,17.4,4.3,0,0.615,0.597,0.411
"Miller, Erik",30,0,22,20,17.2,15.6,3,0.354,0.297,0.33
"Holderman, Colin",25.2,4,18,16,14.4,12.8,2,0.428,0.399,0.364
"Falter, Bailey",125.1,19,81,46,15.6,8.9,1,0.462,0.324,0.34
"Hagenman, Justin",23.2,4,23,2,23.2,2,1,0.464,0.301,0.316
"Dunning, Dane",20.2,4,21,7,22.1,7.4,3,0.506,0.361,0.36
"Varland, Louis",72.2,6,75,22,25.3,7.4,2,0.395,0.299,0.311
"Piña, Robinson",2.1,1,1,1,7.1,7.1,0,0.717,0.473,0.484
"Fulmer, Michael",5.2,1,3,2,13,8.7,0,0.694,0.389,0.45
"Moreta, Dauri",16.2,2,19,7,27.9,10.3,0,0.435,0.318,0.329
"Phillips, Evan",5.2,0,6,2,27.3,9.1,0,0.233,0.223,0.233
"Richardson, Lyon",37.2,2,30,21,17.4,12.2,2,0.413,0.311,0.345
"Peralta, Sammy",10.2,0,8,6,15.4,11.5,0,0.373,0.325,0.292
"Graveman, Kendall",17.2,2,9,12,11,14.6,1,0.5,0.435,0.395
"Eisert, Brandon",69.2,12,74,25,24.2,8.2,5,0.418,0.353,0.314
"Slaten, Justin",34,3,25,10,18.2,7.3,0,0.401,0.251,0.292
"Whitlock, Garrett",72,2,91,24,31.1,8.2,5,0.311,0.247,0.262
"Yarbrough, Ryan",64,13,55,19,20.8,7.2,2,0.422,0.318,0.32
"Rodríguez, Elvin",19.2,9,18,7,20,7.8,1,0.653,0.453,0.421
"Agnos, Zach",31.1,5,19,16,13.9,11.7,0,0.538,0.357,0.384
"Darnell, Dugan",11.2,1,5,8,10.2,16.3,0,0.375,0.332,0.337
"Sisk, Evan",17.2,1,25,10,31.3,12.5,2,0.266,0.317,0.264
"Little, Luke",2.2,0,4,6,26.7,40,0,0.075,0.359,0.333
"Ort, Kaleb",46,8,49,27,25.3,13.9,0,0.345,0.316,0.287
"Lee, Dylan",68.1,13,76,14,28.6,5.3,0,0.376,0.279,0.268
"Uceta, Edwin",76,11,103,27,32.1,8.4,8,0.395,0.3,0.306
"Richards, Trevor",5.2,0,5,2,17.2,6.9,0,0.316,0.422,0.291
"Kochanowicz, Jack",111,21,72,58,14.1,11.3,7,0.469,0.379,0.368
"Bowlan, Jonathan",44.1,6,46,17,25.6,9.4,0,0.399,0.305,0.303
"Kelly, Zack",35.1,3,35,12,23,7.9,3,0.347,0.318,0.289
"Martin, Corbin",18,4,23,9,25.8,10.1,2,0.425,0.394,0.339
"Bowman, Matt",24.2,4,18,6,15.8,5.3,2,0.482,0.362,0.349
"Dobnak, Randy",5.1,1,1,2,5.3,10.5,0,0.485,0.226,0.364
"Pivetta, Nick",181.2,22,190,50,26.4,6.9,3,0.424,0.256,0.309
"Rock, Joe",7.2,1,11,2,31.4,5.7,2,0.332,0.29,0.284
"Church, Marc",4.2,0,5,6,21.7,26.1,0,0.578,0.366,0.417
"Hahn, Jesse",5,1,3,5,12,20,1,0.434,0.407,0.38
"Moll, Sam",18.1,4,22,10,27.2,12.3,0,0.38,0.344,0.303
"Santos, Gregory",7,0,0,8,0,22.2,0,0.466,0.373,0.39
"Gonsolin, Tony",36,9,38,18,24.2,11.5,3,0.47,0.354,0.351
"Elder, Bryce",156.1,24,131,51,19.3,7.5,6,0.448,0.336,0.335
"Kowar, Jackson",17,4,15,7,21.1,9.9,1,0.486,0.328,0.348
"King, John",48.1,8,28,14,12.6,6.3,0,0.441,0.357,0.337
"Erceg, Lucas",61.1,4,48,18,19.3,7.2,4,0.388,0.283,0.305
"Poche, Colin",9.1,1,11,14,21.2,26.9,0,0.376,0.454,0.367
"Weems, Jordan",4.1,0,0,3,0,13,0,0.577,0.468,0.468
"Ruiz, José",16.1,3,15,9,19,11.4,0,0.387,0.412,0.323
"Mercado, Michael",3,1,4,4,20,20,0,0.609,0.505,0.445
"Beeter, Clayton",25.1,3,33,18,31.7,17.3,0,0.329,0.269,0.302
"Seymour, Carson",36,9,26,13,16.7,8.3,1,0.518,0.352,0.367
"Pop, Zach",6.2,4,3,2,7.7,5.1,1,0.677,0.55,0.465
"Hudson, Bryan",15,2,19,13,25.3,17.3,2,0.356,0.362,0.332
"Vest, Will",68.2,4,75,22,26.4,7.7,1,0.315,0.277,0.266
"Burdi, Nick",5.1,0,5,2,23.8,9.5,0,0.385,0.294,0.338
"Burgos, Juan",13.1,2,14,8,21.5,12.3,1,0.495,0.386,0.364
"Garcia, Robert",64,8,68,22,25.3,8.2,1,0.399,0.295,0.304
"Waldron, Matt",4.2,1,3,6,12,24,0,0.599,0.424,0.472
"Saucedo, Tayler",13.1,2,12,6,18.2,9.1,1,0.486,0.38,0.365
"King, Michael",73.1,12,76,26,24.7,8.4,4,0.427,0.305,0.319
"Brazobán, Huascar",63,6,57,27,21.8,10.3,4,0.362,0.294,0.309
"Suarez, Ranger",157.1,14,151,38,23.2,5.8,6,0.351,0.298,0.278
"McKenzie, Triston",5.2,1,4,7,13.3,23.3,0,0.588,0.43,0.479
"McCullers Jr., Lance",55.1,10,61,39,22.3,14.2,7,0.428,0.376,0.353
"Freeman, Caleb",3.1,1,3,1,18.8,6.3,0,0.459,0.442,0.329
"Heuer, Codi",4.2,3,5,2,23.8,9.5,0,0.501,0.399,0.333
"Martin, Chris",42.1,6,43,7,24.9,4,1,0.426,0.291,0.302
"Jackson, Luke",51,4,38,28,17.4,12.8,3,0.398,0.286,0.321
"Weathers, Ryan",38.1,7,37,12,22.3,7.2,1,0.418,0.317,0.309
"Flaherty, Jack",161,23,188,59,27.6,8.7,5,0.406,0.313,0.31
"Lucas, Easton",24.1,5,23,12,21.3,11.1,0,0.535,0.348,0.37
"Black, Mason",4,2,5,0,26.3,0,0,0.589,0.41,0.33
"Schreiber, John",64,10,62,19,23.4,7.2,1,0.415,0.305,0.311
"Ragans, Cole",61.2,7,98,20,38.1,7.8,2,0.321,0.295,0.256
"Bubic, Kris",116.1,6,116,39,24.4,8.2,3,0.333,0.277,0.278
"Basso, Brady",11.2,0,8,9,14.3,16.1,0,0.327,0.307,0.316
"Murdock, Noah",17,0,21,20,21.4,20.4,2,0.393,0.412,0.36
"Aldegheri, Sam",13.2,3,12,10,16.4,13.7,4,0.497,0.444,0.402
"Burnes, Corbin",64.1,7,63,26,23.8,9.8,3,0.385,0.288,0.306
"Tarnok, Freddy",7.1,1,10,4,35.7,14.3,1,0.207,0.197,0.248
"Kelly, Casey",1.2,0,0,1,0,16.7,0,0.291,0.262,0.303
"Scott, Tanner",57,11,60,17,25.3,7.2,4,0.418,0.332,0.317
"Bello, Brayan",166.2,16,124,59,17.7,8.4,13,0.409,0.297,0.327
"Hernández, Carlos",43.1,4,39,22,19.2,10.8,2,0.468,0.338,0.359
"Hamel, Dom",1,0,0,0,0,0,1,0.517,0.562,0.457
"Herget, Jimmy",83.1,6,81,26,23.3,7.5,7,0.352,0.287,0.284
"Soto, Gregory",60.1,4,70,24,25.1,8.6,11,0.343,0.312,0.305
"Hiraldo, Yaramil",19.2,4,21,9,25,10.7,0,0.3,0.325,0.253
"Wrobleski, Justin",66.2,6,76,17,27.1,6.1,3,0.359,0.299,0.289
"Pepiot, Ryan",167.2,26,167,61,24.6,9,6,0.401,0.306,0.31
"Mantiply, Joe",9.2,5,8,3,13.8,5.2,1,0.522,0.567,0.36
"Perdomo, Angel",3.1,0,2,3,12.5,18.8,1,0.459,0.285,0.416
"Lorenzen, Michael",141.2,25,127,39,21,6.4,6,0.451,0.339,0.331
"Horton, Cade",118,10,97,33,20.4,6.9,6,0.406,0.273,0.306
"Porter, Logan",1,1,0,0,0,0,0,0.824,0.584,0.548
"Peguero, Joel",22.1,2,17,8,19.8,9.3,0,0.37,0.256,0.289
"Baker, Bryan",68.2,13,83,17,30.3,6.2,0,0.447,0.306,0.311
"Bummer, Aaron",54.1,3,51,18,21.6,7.6,11,0.372,0.31,0.318
"Taylor, Grant",36.2,0,54,15,34.4,9.6,0,0.307,0.287,0.267